<?xml version="1.0" encoding="UTF-8" ?>
<!DOCTYPE mapper PUBLIC "-//mybatis.org//DTD Mapper 3.0//EN" 
	"http://mybatis.org/dtd/mybatis-3-mapper.dtd">

<mapper namespace="com.ssafy.product.dao.ProductDao">
	<select id="searchAll" resultType="product">
		select * from product
	</select>
	<select id="search" resultType="product" parameterType="string">
		select * from product
		where id = #{id}
	</select>
	<insert id="insert" parameterType="product">
		insert into product
		values(
			#{id},
			#{name},
			#{price},
			#{description}
		)
	</insert>
	<update id="update" parameterType="product">
		update product
		set name = #{name},
			price = #{price},
			description = #{description}
		where id = #{id}
	</update>
	<delete id="delete" parameterType="string">
		delete from product
		where id = #{id}
	</delete>
</mapper>